{"cameraMode":{"drawMode":0,"name":"Shaded","section":"Shading Mode"},"sceneLighting":false,"audioPlay":false,"sceneViewState":{"showFog":true,"showMaterialUpdate":false,"showSkybox":false,"showFlares":true,"showImageEffects":true,"showParticleSystems":true,"showVisualEffectGraphs":true,"m_FxEnabled":true},"in2DMode":false,"pivot":{"x":-0.14109335839748383,"y":0.1863216608762741,"z":-0.25629952549934389},"rotation":{"x":0.03798281401395798,"y":-0.9108455181121826,"z":0.08639487624168396,"w":0.402185320854187},"size":2.304154396057129,"orthographic":false}