{"cameraMode":{"drawMode":0,"name":"Shaded","section":"Shading Mode"},"sceneLighting":true,"audioPlay":false,"sceneViewState":{"showFog":true,"showMaterialUpdate":false,"showSkybox":false,"showFlares":true,"showImageEffects":true,"showParticleSystems":true,"showVisualEffectGraphs":true,"m_FxEnabled":true},"in2DMode":false,"pivot":{"x":0.2365487515926361,"y":-0.13562887907028199,"z":0.16479969024658204},"rotation":{"x":-0.42454794049263,"y":-0.005178343504667282,"z":-0.005102350376546383,"w":0.9058248996734619},"size":1.614142894744873,"orthographic":false}