{"cameraMode":{"drawMode":0,"name":"Shaded","section":"Shading Mode"},"sceneLighting":false,"audioPlay":false,"sceneViewState":{"showFog":true,"showMaterialUpdate":false,"showSkybox":false,"showFlares":true,"showImageEffects":true,"showParticleSystems":true,"showVisualEffectGraphs":true,"m_FxEnabled":true},"in2DMode":false,"pivot":{"x":-0.16087956726551057,"y":-0.17162667214870454,"z":-0.5069890022277832},"rotation":{"x":0.68450528383255,"y":-0.004367952235043049,"z":-0.002813427709043026,"w":-0.7294749617576599},"size":0.5656853914260864,"orthographic":false}